{"cameraMode":{"drawMode":0,"name":"Shaded","section":"Shading Mode"},"sceneLighting":false,"audioPlay":false,"sceneViewState":{"m_AlwaysRefresh":false,"showFog":true,"showSkybox":false,"showFlares":true,"showImageEffects":true,"showParticleSystems":true,"showVisualEffectGraphs":true,"m_FxEnabled":true},"in2DMode":false,"pivot":{"x":0.7951052188873291,"y":1.3421334028244019,"z":3.331099033355713},"rotation":{"x":0.016494328156113626,"y":0.04640992358326912,"z":-0.0006198649643920362,"w":0.99883633852005},"size":1.732825756072998,"orthographic":false}