{"cameraMode":{"drawMode":0,"name":"Shaded","section":"Shading Mode"},"sceneLighting":false,"audioPlay":false,"sceneViewState":{"m_AlwaysRefresh":false,"showFog":false,"showSkybox":false,"showFlares":false,"showImageEffects":false,"showParticleSystems":false,"showVisualEffectGraphs":true,"m_FxEnabled":true},"in2DMode":false,"pivot":{"x":0.30885469913482668,"y":0.9332490563392639,"z":0.09099292755126953},"rotation":{"x":0.031164029613137246,"y":0.9688265919685364,"z":-0.18379364907741548,"w":0.16345059871673585},"size":1.326324224472046,"orthographic":false}