{"cameraMode":{"drawMode":0,"name":"Shaded","section":"Shading Mode"},"sceneLighting":false,"audioPlay":false,"sceneViewState":{"m_AlwaysRefresh":false,"showFog":false,"showSkybox":false,"showFlares":false,"showImageEffects":false,"showParticleSystems":false,"showVisualEffectGraphs":true,"m_FxEnabled":true},"in2DMode":false,"pivot":{"x":4.267758846282959,"y":15.052924156188965,"z":13.527532577514649},"rotation":{"x":0.0012507332721725107,"y":-0.9786940813064575,"z":0.006486757192760706,"w":0.2054642140865326},"size":0.6646112203598023,"orthographic":false}