{"cameraMode":{"drawMode":0,"name":"Shaded","section":"Shading Mode"},"sceneLighting":true,"audioPlay":false,"sceneViewState":{"m_AlwaysRefresh":false,"showFog":true,"showSkybox":true,"showFlares":true,"showImageEffects":true,"showParticleSystems":true,"showVisualEffectGraphs":true,"m_FxEnabled":true},"in2DMode":false,"pivot":{"x":0.40839385986328127,"y":1.694093108177185,"z":-23.1195011138916},"rotation":{"x":0.08183763921260834,"y":-0.6937069296836853,"z":0.08117438107728958,"w":0.7111367583274841},"size":1.4504835605621338,"orthographic":false}